,param_1,date,label
0,45.94,1561420800.0,1
1,25.38,1561507200.0,-1
2,2.14,1561593600.0,-1
3,151.04,1563840000.0,1
4,125.44,1563926400.0,1
5,158.31,1564704000.0,1
6,222.24,1566604800.0,-1
7,217.71,1567987200.0,-1
8,193.57,1568419200.0,-1
9,196.0,1568505600.0,-1
10,196.54,1568592000.0,-1
11,113.25,1570665600.0,1
12,0.89,1570838400.0,-1
13,46.95,1571270400.0,1
14,3.71,1572825600.0,-1
15,25.68,1573776000.0,1
16,2.6,1561680000.0,-1
17,112.55,1561852800.0,-1
18,110.03,1561939200.0,-1
19,58.36,1562025600.0,1
20,91.8,1562112000.0,-1
21,61.11,1562198400.0,1
22,71.55,1562284800.0,-1
23,100.99,1562371200.0,-1
24,100.72,1562457600.0,-1
25,100.04,1562544000.0,1
26,98.73,1562630400.0,1
27,100.43,1562716800.0,1
28,101.47,1562803200.0,1
29,114.57,1562889600.0,-1
30,122.46,1562976000.0,-1
31,128.68,1563062400.0,1
32,134.2,1563148800.0,1
33,143.63,1563235200.0,1
34,146.73,1563321600.0,1
35,145.25,1563408000.0,1
36,145.95,1563494400.0,1
37,148.23,1563580800.0,1
38,145.36,1563667200.0,1
39,153.23,1563753600.0,1
40,0.01,1564012800.0,-1
41,147.62,1564099200.0,1
42,156.27,1564185600.0,1
43,159.84,1564272000.0,1
44,156.94,1564358400.0,1
45,158.34,1564444800.0,1
46,154.68,1564531200.0,1
47,152.4,1564617600.0,1
48,156.26,1564790400.0,1
49,155.2,1564876800.0,1
50,101.49,1564963200.0,1
51,60.79,1565049600.0,1
52,171.31,1565136000.0,1
53,164.19,1565395200.0,1
54,165.81,1565222400.0,1
55,164.7,1565308800.0,1
56,163.49,1565481600.0,1
57,162.71,1565568000.0,1
58,158.49,1565654400.0,1
59,161.01,1565740800.0,1
60,119.4,1565827200.0,1
61,117.86,1565913600.0,1
62,80.22,1566000000.0,1
63,388.58,1566086400.0,-1
64,392.86,1566172800.0,-1
65,385.56,1566259200.0,-1
66,283.82,1566345600.0,-1
67,228.22,1566432000.0,-1
68,226.07,1566518400.0,-1
69,225.81,1566691200.0,-1
70,195.62,1566777600.0,-1
71,158.28,1566864000.0,1
72,142.22,1566950400.0,1
73,138.69,1567036800.0,1
74,134.17,1567123200.0,1
75,143.49,1567209600.0,1
76,141.24,1567296000.0,1
77,166.56,1567382400.0,1
78,155.93,1567468800.0,1
79,164.21,1567555200.0,1
80,194.84,1567641600.0,-1
81,197.14,1567728000.0,-1
82,214.56,1567814400.0,-1
83,204.76,1567900800.0,-1
84,197.18,1568073600.0,-1
85,203.62,1568160000.0,-1
86,203.03,1568246400.0,-1
87,193.16,1568332800.0,-1
88,202.57,1568678400.0,-1
89,199.55,1568764800.0,-1
90,160.39,1568851200.0,1
91,153.14,1568937600.0,1
92,155.96,1569024000.0,1
93,162.81,1569110400.0,1
94,158.71,1569196800.0,1
95,154.32,1569283200.0,1
96,150.74,1569369600.0,1
97,146.87,1569456000.0,1
98,140.37,1569542400.0,1
99,131.78,1569628800.0,1
100,137.13,1569715200.0,1
101,142.39,1569801600.0,1
102,143.61,1569888000.0,1
103,146.05,1569974400.0,1
104,166.98,1570060800.0,-1
105,162.51,1570147200.0,-1
106,167.35,1570233600.0,-1
107,171.58,1570320000.0,-1
108,165.4,1570406400.0,-1
109,158.02,1570492800.0,1
110,137.26,1570579200.0,1
111,24.87,1570752000.0,1
112,34.34,1570924800.0,1
113,9.87,1571011200.0,-1
114,4.94,1571097600.0,-1
115,20.34,1571184000.0,1
116,48.77,1571356800.0,1
117,49.77,1571443200.0,1
118,49.81,1571529600.0,1
119,56.78,1571616000.0,1
120,10.58,1571702400.0,-1
121,5.48,1571788800.0,-1
122,1.16,1571875200.0,-1
123,1.04,1571961600.0,1
124,0.56,1572048000.0,1
125,1.16,1572134400.0,-1
126,1.77,1572220800.0,-1
127,2.56,1572307200.0,1
128,2.49,1572393600.0,1
129,2.95,1572480000.0,1
130,2.93,1572566400.0,-1
131,3.34,1572652800.0,1
132,3.89,1572739200.0,1
133,20.62,1572912000.0,1
134,31.63,1572998400.0,1
135,41.78,1573084800.0,1
136,49.59,1573171200.0,1
137,44.16,1573257600.0,1
138,60.14,1573344000.0,1
139,51.57,1573430400.0,1
140,52.6,1573516800.0,1
141,53.05,1573603200.0,1
142,44.08,1573689600.0,1
143,44.82,1575417600.0,1
144,42.66,1578787200.0,1
145,45.57,1579219200.0,1
146,41.47,1580688000.0,1
147,41.04,1583452800.0,1
148,37.83,1585180800.0,1
149,11.07,1573862400.0,1
150,9.48,1573948800.0,-1
151,24.83,1574035200.0,1
152,15.59,1574121600.0,1
153,7.72,1574208000.0,1
154,8.18,1574294400.0,-1
155,21.2,1574380800.0,1
156,42.97,1574467200.0,1
157,44.87,1574553600.0,1
158,46.39,1574640000.0,1
159,44.64,1574726400.0,1
160,42.28,1574812800.0,1
161,44.39,1574899200.0,1
162,44.27,1574985600.0,1
163,47.19,1575072000.0,1
164,47.74,1575158400.0,1
165,48.32,1575244800.0,1
166,48.03,1575331200.0,1
167,51.01,1575504000.0,1
168,40.23,1575590400.0,1
169,38.33,1575676800.0,1
170,44.29,1575763200.0,1
171,43.7,1575849600.0,1
172,46.1,1575936000.0,1
173,48.46,1576022400.0,1
174,47.23,1576108800.0,1
175,48.13,1576195200.0,1
176,45.07,1576281600.0,1
177,44.25,1576368000.0,1
178,44.31,1576454400.0,1
179,43.19,1576540800.0,1
180,54.45,1576627200.0,1
181,45.46,1576713600.0,1
182,44.8,1576800000.0,1
183,40.31,1576886400.0,1
184,44.83,1576972800.0,1
185,47.79,1577059200.0,1
186,41.19,1577145600.0,1
187,35.27,1577232000.0,1
188,40.46,1577318400.0,1
189,42.31,1577404800.0,1
190,42.69,1577491200.0,1
191,40.76,1577577600.0,1
192,38.32,1577664000.0,1
193,37.98,1577750400.0,1
194,40.01,1577836800.0,1
195,40.91,1577923200.0,1
196,38.53,1578009600.0,1
197,37.39,1578096000.0,1
198,41.7,1578182400.0,1
199,42.32,1578268800.0,1
200,41.72,1578355200.0,1
201,41.48,1578441600.0,1
202,35.29,1578528000.0,1
203,34.22,1578614400.0,1
204,35.12,1578700800.0,1
205,39.74,1578873600.0,1
206,44.39,1578960000.0,1
207,49.77,1579046400.0,1
208,46.75,1579132800.0,1
209,46.11,1579305600.0,1
210,45.13,1579392000.0,1
211,41.29,1579478400.0,1
212,42.57,1579564800.0,1
213,40.76,1579651200.0,1
214,38.94,1579737600.0,1
215,39.5,1579824000.0,1
216,42.8,1579910400.0,1
217,44.11,1579996800.0,1
218,41.96,1580083200.0,1
219,38.33,1580169600.0,1
220,35.86,1580256000.0,1
221,42.48,1580342400.0,1
222,44.56,1580428800.0,1
223,42.28,1580515200.0,1
224,41.56,1580601600.0,1
225,40.05,1580774400.0,1
226,40.72,1580860800.0,1
227,41.05,1580947200.0,1
228,43.75,1581033600.0,1
229,40.71,1581120000.0,1
230,44.98,1581206400.0,1
231,44.19,1581292800.0,1
232,42.22,1581379200.0,1
233,41.37,1581465600.0,1
234,43.56,1581552000.0,1
235,41.69,1581638400.0,1
236,41.62,1581724800.0,1
237,39.81,1581811200.0,1
238,41.65,1581897600.0,1
239,48.64,1581984000.0,1
240,46.31,1582070400.0,1
241,42.79,1582156800.0,1
242,44.88,1582243200.0,1
243,43.72,1582329600.0,1
244,44.46,1582416000.0,1
245,43.44,1582502400.0,1
246,40.44,1582588800.0,1
247,40.68,1582675200.0,1
248,40.44,1582761600.0,1
249,44.26,1582848000.0,1
250,43.54,1582934400.0,1
251,43.14,1583020800.0,1
252,43.97,1583107200.0,1
253,42.21,1583193600.0,1
254,38.53,1583280000.0,1
255,41.13,1583366400.0,1
256,37.9,1583539200.0,1
257,40.28,1583625600.0,1
258,39.06,1583712000.0,1
259,39.41,1583798400.0,1
260,37.49,1583884800.0,1
261,40.21,1583971200.0,1
262,40.44,1584057600.0,1
263,40.61,1584144000.0,1
264,41.28,1584230400.0,1
265,40.8,1584316800.0,1
266,40.41,1584403200.0,1
267,41.14,1584489600.0,1
268,40.63,1584576000.0,1
269,41.82,1584662400.0,1
270,39.8,1584748800.0,1
271,38.44,1584835200.0,1
272,38.55,1584921600.0,1
273,36.7,1585008000.0,1
274,39.66,1585094400.0,1
275,42.87,1585267200.0,1
276,40.0,1586044800.0,1
277,46.24,1587340800.0,1
278,40.19,1588550400.0,1
279,63.14,1590019200.0,1
280,33.99,1591574400.0,1
281,31.47,1592870400.0,1
282,37.51,1597017600.0,1
283,39.9,1585353600.0,1
284,38.14,1585440000.0,1
285,39.34,1585526400.0,1
286,39.12,1585612800.0,1
287,39.48,1585699200.0,1
288,40.99,1585785600.0,1
289,38.33,1585872000.0,1
290,42.29,1585958400.0,1
291,37.97,1586131200.0,1
292,36.26,1586217600.0,1
293,0.14,1586304000.0,-1
294,14.81,1586649600.0,-1
295,73.64,1586736000.0,1
296,50.76,1586822400.0,1
297,48.09,1586908800.0,1
298,53.31,1586995200.0,1
299,41.86,1587081600.0,1
300,40.95,1587168000.0,1
301,39.53,1587254400.0,1
302,34.05,1587427200.0,1
303,39.08,1587513600.0,1
304,44.24,1587600000.0,1
305,44.03,1587686400.0,1
306,42.92,1587772800.0,1
307,44.18,1587859200.0,1
308,43.77,1587945600.0,1
309,42.28,1588032000.0,1
310,41.6,1588118400.0,1
311,40.5,1588204800.0,1
312,43.08,1588291200.0,1
313,51.72,1588377600.0,1
314,35.21,1588464000.0,1
315,49.54,1588636800.0,1
316,25.13,1588723200.0,1
317,33.76,1588809600.0,1
318,50.42,1588896000.0,1
319,66.97,1588982400.0,1
320,60.37,1589068800.0,1
321,53.49,1589155200.0,1
322,73.5,1589241600.0,1
323,57.04,1589328000.0,1
324,57.9,1589414400.0,1
325,59.85,1589500800.0,1
326,75.78,1589587200.0,1
327,59.97,1589673600.0,1
328,75.13,1589760000.0,1
329,49.84,1589846400.0,1
330,60.34,1589932800.0,1
331,51.57,1590105600.0,1
332,27.69,1590192000.0,1
333,57.29,1590278400.0,1
334,50.43,1590364800.0,1
335,60.4,1590451200.0,1
336,61.32,1590537600.0,1
337,58.63,1590624000.0,1
338,45.74,1590710400.0,1
339,66.85,1590796800.0,1
340,52.89,1590883200.0,1
341,51.95,1590969600.0,1
342,39.17,1591056000.0,1
343,56.84,1591142400.0,1
344,39.29,1591228800.0,1
345,48.69,1591315200.0,1
346,33.98,1591401600.0,1
347,49.28,1591488000.0,1
348,36.2,1591660800.0,1
349,33.64,1591747200.0,1
350,31.07,1591833600.0,1
351,43.17,1591920000.0,1
352,27.03,1592006400.0,1
353,42.02,1592092800.0,1
354,27.22,1592179200.0,1
355,32.57,1592265600.0,1
356,24.4,1592352000.0,1
357,20.73,1592438400.0,1
358,24.33,1592524800.0,1
359,24.46,1592611200.0,1
360,26.4,1592697600.0,1
361,30.96,1592784000.0,1
362,20.69,1592956800.0,1
363,38.88,1593043200.0,1
364,35.4,1593129600.0,1
365,44.42,1593216000.0,1
366,32.06,1593302400.0,1
367,44.63,1593388800.0,1
368,35.53,1593475200.0,1
369,43.27,1593561600.0,1
370,34.52,1593648000.0,1
371,44.2,1593734400.0,1
372,36.59,1593820800.0,1
373,48.22,1593907200.0,1
374,35.11,1593993600.0,1
375,52.64,1594080000.0,1
376,39.25,1594166400.0,1
377,24.21,1594252800.0,1
378,56.31,1594339200.0,1
379,43.2,1594425600.0,1
380,41.8,1594512000.0,1
381,30.1,1594598400.0,1
382,47.24,1594684800.0,1
383,37.19,1594771200.0,1
384,49.69,1594857600.0,1
385,48.71,1594944000.0,1
386,47.67,1595030400.0,1
387,43.68,1595116800.0,1
388,37.39,1595203200.0,1
389,57.29,1595289600.0,1
390,47.67,1595376000.0,1
391,33.54,1595462400.0,1
392,39.82,1595548800.0,1
393,27.37,1595635200.0,1
394,45.07,1595721600.0,1
395,43.54,1595808000.0,1
396,54.41,1595894400.0,1
397,58.25,1595980800.0,1
398,67.47,1596067200.0,1
399,53.31,1596153600.0,1
400,69.08,1596240000.0,1
401,63.31,1596326400.0,1
402,62.09,1596412800.0,1
403,58.39,1596499200.0,1
404,60.1,1596585600.0,1
405,58.65,1596672000.0,1
406,53.68,1596758400.0,1
407,32.27,1596844800.0,1
408,36.85,1596931200.0,1
409,32.07,1597536000.0,1
410,36.74,1600214400.0,1
411,47.99,1600819200.0,1
412,30.23,1601856000.0,1
413,33.54,1606176000.0,1
414,40.85,1606262400.0,1
415,27.12,1607558400.0,1
416,28.62,1607644800.0,1
417,66.92,1608768000.0,1
418,46.37,1597104000.0,1
419,36.72,1597190400.0,1
420,41.78,1597276800.0,1
421,33.57,1597363200.0,1
422,29.09,1597449600.0,1
423,33.27,1597622400.0,1
424,40.73,1597708800.0,1
425,38.04,1597795200.0,1
426,39.46,1597881600.0,1
427,39.25,1597968000.0,1
428,38.02,1598054400.0,1
429,34.57,1598140800.0,1
430,34.59,1598227200.0,1
431,38.18,1598313600.0,1
432,39.62,1598400000.0,1
433,43.65,1598486400.0,1
434,42.37,1598572800.0,1
435,39.93,1598659200.0,1
436,40.01,1598745600.0,1
437,47.07,1598832000.0,1
438,34.44,1598918400.0,1
439,40.81,1599004800.0,1
440,39.07,1599091200.0,1
441,36.98,1599177600.0,1
442,41.27,1599264000.0,1
443,39.03,1599350400.0,1
444,32.36,1599436800.0,1
445,26.39,1599523200.0,1
446,27.04,1599609600.0,1
447,28.87,1599696000.0,1
448,25.73,1599782400.0,1
449,23.76,1599868800.0,1
450,30.98,1599955200.0,1
451,32.58,1600041600.0,1
452,34.13,1600128000.0,1
453,31.45,1600300800.0,1
454,36.32,1600387200.0,1
455,40.16,1600473600.0,1
456,39.39,1600560000.0,1
457,42.38,1600646400.0,1
458,47.9,1600732800.0,1
459,44.31,1600905600.0,1
460,53.61,1600992000.0,1
461,42.7,1601078400.0,1
462,50.3,1601164800.0,1
463,24.58,1601251200.0,1
464,37.68,1601337600.0,1
465,35.29,1601424000.0,1
466,27.2,1601510400.0,1
467,25.26,1601596800.0,1
468,34.22,1601683200.0,1
469,30.04,1601769600.0,1
470,24.49,1601942400.0,1
471,33.45,1602028800.0,1
472,35.05,1602115200.0,1
473,24.88,1602201600.0,1
474,29.89,1602288000.0,1
475,35.41,1602374400.0,1
476,32.65,1602460800.0,1
477,40.11,1602547200.0,1
478,31.22,1602633600.0,1
479,36.1,1602720000.0,1
480,32.98,1602806400.0,1
481,24.33,1602892800.0,1
482,34.62,1602979200.0,1
483,33.61,1603065600.0,1
484,40.15,1603152000.0,1
485,36.45,1603238400.0,1
486,28.56,1603324800.0,1
487,21.67,1603411200.0,1
488,33.75,1603497600.0,1
489,33.52,1603584000.0,1
490,33.33,1603670400.0,1
491,39.6,1603756800.0,1
492,42.96,1603843200.0,1
493,39.98,1603929600.0,1
494,42.93,1604016000.0,1
495,41.97,1604102400.0,1
496,40.39,1604188800.0,1
497,38.69,1604275200.0,1
498,42.13,1604361600.0,1
499,41.68,1604448000.0,1
500,43.5,1604534400.0,1
501,39.66,1604620800.0,1
502,153.18,1604707200.0,-1
503,208.21,1604793600.0,-1
504,139.5,1604880000.0,-1
505,48.17,1604966400.0,1
506,44.05,1605052800.0,1
507,36.31,1605139200.0,1
508,46.89,1605225600.0,1
509,42.58,1605312000.0,1
510,43.38,1605398400.0,1
511,43.07,1605484800.0,1
512,50.23,1605571200.0,1
513,43.32,1605657600.0,1
514,31.88,1605744000.0,1
515,32.63,1605830400.0,1
516,31.58,1605916800.0,1
517,43.69,1606003200.0,1
518,39.77,1606089600.0,1
519,35.56,1606348800.0,1
520,34.05,1606435200.0,1
521,35.59,1606521600.0,1
522,36.01,1606608000.0,1
523,35.21,1606694400.0,1
524,33.97,1606780800.0,1
525,32.03,1606867200.0,1
526,41.67,1606953600.0,1
527,32.71,1607040000.0,1
528,33.2,1607126400.0,1
529,31.89,1607212800.0,1
530,31.05,1607212800.0,1
531,31.89,1607299200.0,1
532,32.67,1607385600.0,1
533,34.14,1607472000.0,1
534,20.75,1607731200.0,1
535,0.01,1607817600.0,-1
536,1.64,1608076800.0,-1
537,26.47,1608163200.0,1
538,29.19,1608249600.0,1
539,85.79,1608336000.0,1
540,59.41,1608422400.0,1
541,0.17,1608508800.0,-1
542,6.23,1608595200.0,-1
543,16.98,1608681600.0,1
544,78.23,1609286400.0,1
545,67.24,1612915200.0,1
546,75.85,1617926400.0,1
547,88.46,1618963200.0,1
548,103.89,1619395200.0,1
549,240.09,1623024000.0,-1
550,64.12,1608854400.0,1
551,59.88,1608940800.0,1
552,53.33,1609027200.0,1
553,52.39,1609113600.0,1
554,80.55,1609200000.0,1
555,112.54,1609372800.0,1
556,94.48,1609459200.0,1
557,87.54,1609545600.0,1
558,101.28,1609632000.0,1
559,94.83,1609718400.0,1
560,102.66,1609804800.0,1
561,75.41,1609891200.0,1
562,90.19,1609977600.0,1
563,85.69,1610064000.0,1
564,85.68,1610150400.0,1
565,76.02,1610236800.0,1
566,84.44,1610323200.0,1
567,74.35,1610409600.0,1
568,86.25,1610496000.0,1
569,81.66,1610582400.0,1
570,80.43,1610668800.0,1
571,77.83,1610755200.0,1
572,76.66,1610841600.0,1
573,73.06,1610928000.0,1
574,73.48,1611014400.0,1
575,77.3,1611100800.0,1
576,85.68,1611187200.0,1
577,73.19,1611273600.0,1
578,79.02,1611360000.0,1
579,76.05,1611446400.0,1
580,88.61,1611532800.0,1
581,91.67,1611619200.0,1
582,79.33,1611705600.0,1
583,76.93,1611792000.0,1
584,73.89,1611878400.0,1
585,75.94,1611964800.0,1
586,76.4,1612051200.0,1
587,75.2,1612137600.0,1
588,76.1,1612224000.0,1
589,73.48,1612310400.0,1
590,75.55,1612396800.0,1
591,73.67,1612483200.0,1
592,73.19,1612569600.0,1
593,70.07,1612656000.0,1
594,62.72,1612742400.0,1
595,72.6,1612828800.0,1
596,66.85,1613001600.0,1
597,148.87,1613088000.0,-1
598,75.06,1613174400.0,1
599,70.01,1613260800.0,1
600,79.71,1613347200.0,1
601,71.31,1613433600.0,1
602,78.64,1613520000.0,1
603,105.96,1613606400.0,1
604,97.56,1613692800.0,1
605,82.14,1613779200.0,1
606,82.29,1613865600.0,1
607,64.63,1613952000.0,1
608,76.37,1614038400.0,1
609,81.94,1614124800.0,1
610,82.72,1614211200.0,1
611,83.75,1614297600.0,1
612,112.72,1614384000.0,1
613,71.04,1614470400.0,1
614,75.3,1614556800.0,1
615,79.08,1614643200.0,1
616,87.62,1614729600.0,1
617,90.51,1614816000.0,1
618,77.4,1614902400.0,1
619,73.7,1614988800.0,1
620,80.02,1615075200.0,1
621,72.12,1615161600.0,1
622,55.17,1615248000.0,1
623,73.64,1615334400.0,1
624,79.8,1615420800.0,1
625,79.63,1615507200.0,1
626,58.47,1615593600.0,1
627,77.42,1615680000.0,1
628,79.81,1615766400.0,1
629,65.71,1615852800.0,1
630,47.42,1615939200.0,1
631,69.05,1616025600.0,1
632,65.28,1616112000.0,1
633,65.87,1616198400.0,1
634,57.39,1616284800.0,1
635,58.8,1616371200.0,1
636,38.29,1616457600.0,1
637,5.02,1616544000.0,-1
638,5.0,1616630400.0,1
639,0.11,1616803200.0,-1
640,2.03,1616889600.0,1
641,7.66,1616976000.0,-1
642,9.06,1617062400.0,-1
643,5.58,1617148800.0,-1
644,22.44,1617235200.0,-1
645,113.99,1617321600.0,1
646,139.86,1617408000.0,-1
647,123.5,1617494400.0,1
648,87.46,1617580800.0,1
649,110.81,1617667200.0,1
650,84.08,1617753600.0,1
651,84.89,1617840000.0,1
652,91.54,1618012800.0,1
653,98.94,1618099200.0,1
654,126.7,1618185600.0,1
655,99.82,1618272000.0,1
656,95.83,1618358400.0,1
657,116.93,1618444800.0,1
658,94.25,1618531200.0,1
659,82.29,1618617600.0,1
660,71.48,1618704000.0,1
661,100.71,1618790400.0,1
662,97.77,1618876800.0,1
663,98.73,1619049600.0,1
664,51.88,1619136000.0,1
665,84.13,1619222400.0,1
666,106.27,1619308800.0,1
667,93.91,1619481600.0,1
668,95.28,1619568000.0,1
669,96.11,1619654400.0,1
670,91.75,1619740800.0,1
671,89.24,1619827200.0,1
672,62.11,1619913600.0,1
673,0.01,1621382400.0,-1
674,0.19,1621900800.0,-1
675,143.93,1622937600.0,-1
676,88.16,1623628800.0,1
677,47.46,1626048000.0,1
678,34.88,1635379200.0,1
679,29.86,1635984000.0,1
680,34.89,1636588800.0,1
681,37.68,1638144000.0,1
682,37.14,1638489600.0,1
683,33.35,1638748800.0,1
684,38.03,1639440000.0,1
685,180.3,1623110400.0,-1
686,149.44,1623196800.0,-1
687,113.12,1623283200.0,1
688,92.41,1623369600.0,1
689,93.13,1623456000.0,1
690,90.42,1623542400.0,1
691,98.69,1623715200.0,1
692,92.13,1623801600.0,1
693,80.59,1623888000.0,1
694,79.18,1623974400.0,1
695,77.32,1624060800.0,1
696,74.26,1624147200.0,1
697,66.79,1624233600.0,1
698,57.77,1624320000.0,1
699,68.31,1624406400.0,1
700,68.91,1624492800.0,1
701,70.06,1624579200.0,1
702,62.37,1624665600.0,1
703,61.6,1624752000.0,1
704,68.37,1624838400.0,1
705,63.83,1624924800.0,1
706,54.38,1625011200.0,1
707,54.19,1625097600.0,1
708,62.74,1625184000.0,1
709,62.39,1625270400.0,1
710,65.99,1625356800.0,1
711,61.67,1625443200.0,1
712,63.04,1625529600.0,1
713,64.08,1625616000.0,1
714,73.47,1625702400.0,1
715,74.66,1625788800.0,1
716,56.57,1625875200.0,1
717,59.4,1625961600.0,1
718,23.87,1626134400.0,-1
719,25.15,1628985600.0,-1
720,53.65,1629072000.0,1
721,58.7,1629158400.0,1
722,48.41,1629244800.0,1
723,18.14,1629331200.0,-1
724,51.48,1629417600.0,1
725,51.54,1629504000.0,1
726,56.39,1629590400.0,1
727,50.42,1629676800.0,1
728,49.36,1629763200.0,1
729,49.57,1629849600.0,1
730,46.87,1629936000.0,1
731,45.08,1630022400.0,1
732,51.26,1630108800.0,1
733,48.78,1630195200.0,1
734,44.41,1630281600.0,1
735,40.16,1630368000.0,1
736,46.54,1630454400.0,1
737,47.0,1630540800.0,1
738,43.37,1630627200.0,1
739,45.8,1630713600.0,1
740,37.82,1630800000.0,1
741,31.93,1630886400.0,1
742,35.09,1630972800.0,1
743,42.82,1631059200.0,1
744,44.44,1631145600.0,1
745,38.91,1631232000.0,1
746,38.0,1631318400.0,1
747,38.12,1631404800.0,1
748,37.87,1631491200.0,1
749,38.01,1631577600.0,1
750,38.47,1631664000.0,1
751,37.86,1631750400.0,1
752,38.18,1631836800.0,1
753,34.9,1631923200.0,1
754,13.15,1632009600.0,-1
755,19.03,1634083200.0,-1
756,36.98,1634169600.0,1
757,38.81,1634256000.0,1
758,38.27,1634342400.0,1
759,37.4,1634428800.0,1
760,38.2,1634515200.0,1
761,38.15,1634601600.0,1
762,38.98,1634688000.0,1
763,39.5,1634774400.0,1
764,39.49,1634860800.0,1
765,39.06,1634947200.0,1
766,38.85,1635033600.0,1
767,40.1,1635120000.0,1
768,40.3,1635206400.0,1
769,36.3,1635292800.0,1
770,31.55,1635465600.0,1
771,32.37,1635552000.0,1
772,33.91,1635638400.0,1
773,35.97,1635724800.0,1
774,33.89,1635811200.0,1
775,30.35,1635897600.0,1
776,30.17,1636070400.0,1
777,35.74,1636156800.0,1
778,34.06,1636243200.0,1
779,35.15,1636329600.0,1
780,38.85,1636416000.0,1
781,36.63,1636502400.0,1
782,29.07,1636675200.0,1
783,41.43,1636761600.0,1
784,38.18,1636848000.0,1
785,38.83,1636934400.0,1
786,38.42,1637020800.0,1
787,30.47,1637107200.0,1
788,32.73,1637193600.0,1
789,30.42,1637280000.0,1
790,30.34,1637366400.0,1
791,30.24,1637452800.0,1
792,28.73,1637539200.0,1
793,27.6,1637625600.0,1
794,32.2,1637712000.0,1
795,38.37,1637798400.0,1
796,39.11,1637884800.0,1
797,35.68,1637971200.0,1
798,33.72,1638057600.0,1
799,37.85,1638230400.0,1
800,38.05,1638316800.0,1
801,41.48,1638403200.0,1
802,37.45,1638576000.0,1
803,33.89,1638662400.0,1
804,37.19,1638835200.0,1
805,39.16,1638921600.0,1
806,36.29,1639008000.0,1
807,37.17,1639094400.0,1
808,37.05,1639180800.0,1
809,35.46,1639267200.0,1
810,34.97,1639353600.0,1
811,36.47,1640217600.0,1
812,35.68,1640736000.0,1
813,34.0,1641945600.0,1
814,38.12,1642032000.0,1
815,36.23,1642723200.0,1
816,37.79,1642809600.0,1
817,39.84,1643587200.0,1
818,34.74,1645228800.0,1
819,34.22,1645315200.0,1
820,34.92,1645574400.0,1
821,34.98,1645833600.0,1
822,35.96,1646006400.0,1
823,34.36,1646611200.0,1
824,34.08,1646784000.0,1
825,34.79,1647129600.0,1
826,34.19,1647475200.0,1
827,32.75,1648166400.0,1
828,34.03,1649548800.0,1
829,32.4,1649980800.0,1
830,32.86,1650067200.0,1
831,29.82,1650844800.0,1
832,29.9,1651536000.0,1
833,29.45,1651881600.0,1
834,31.22,1652140800.0,1
835,31.95,1652313600.0,1
836,35.37,1653004800.0,1
837,43.43,1639526400.0,1
838,34.51,1639612800.0,1
839,37.35,1639699200.0,1
840,34.9,1639785600.0,1
841,35.8,1639872000.0,1
842,38.97,1639958400.0,1
843,39.0,1640044800.0,1
844,35.72,1640131200.0,1
845,36.84,1640304000.0,1
846,29.63,1640390400.0,1
847,33.32,1640476800.0,1
848,36.06,1640563200.0,1
849,35.72,1640649600.0,1
850,37.73,1640822400.0,1
851,36.7,1640908800.0,1
852,34.12,1640995200.0,1
853,35.55,1641081600.0,1
854,39.56,1641168000.0,1
855,36.56,1641254400.0,1
856,37.86,1641340800.0,1
857,38.29,1641427200.0,1
858,41.65,1641513600.0,1
859,38.92,1641600000.0,1
860,35.77,1641686400.0,1
861,38.37,1641772800.0,1
862,34.42,1641859200.0,1
863,36.72,1642118400.0,1
864,36.33,1642204800.0,1
865,37.24,1642291200.0,1
866,34.79,1642377600.0,1
867,36.05,1642896000.0,1
868,35.86,1642982400.0,1
869,35.99,1643068800.0,1
870,36.74,1643155200.0,1
871,36.2,1643241600.0,1
872,36.66,1643328000.0,1
873,38.85,1643414400.0,1
874,38.97,1643500800.0,1
875,42.61,1643673600.0,1
876,41.86,1643760000.0,1
877,39.61,1643846400.0,1
878,37.39,1643932800.0,1
879,37.84,1644019200.0,1
880,37.78,1644105600.0,1
881,36.52,1644192000.0,1
882,36.41,1644278400.0,1
883,40.91,1644364800.0,1
884,39.34,1644451200.0,1
885,40.92,1644537600.0,1
886,38.83,1644624000.0,1
887,36.42,1644710400.0,1
888,40.47,1644796800.0,1
889,39.85,1644883200.0,1
890,32.35,1644969600.0,1
891,30.75,1645056000.0,1
892,35.02,1645142400.0,1
893,34.65,1645401600.0,1
894,34.31,1645488000.0,1
895,36.17,1645660800.0,1
896,34.42,1645747200.0,1
897,36.83,1645920000.0,1
898,37.26,1646092800.0,1
899,36.02,1646179200.0,1
900,35.5,1646265600.0,1
901,34.68,1646352000.0,1
902,34.91,1646438400.0,1
903,34.52,1646524800.0,1
904,34.02,1646697600.0,1
905,35.06,1646870400.0,1
906,38.15,1646956800.0,1
907,34.95,1647043200.0,1
908,34.65,1647216000.0,1
909,34.5,1647302400.0,1
910,34.8,1647388800.0,1
911,34.24,1647561600.0,1
912,34.52,1647648000.0,1
913,34.07,1647734400.0,1
914,33.22,1647820800.0,1
915,33.66,1647907200.0,1
916,33.45,1647993600.0,1
917,30.86,1648080000.0,1
918,31.04,1648252800.0,1
919,30.31,1648339200.0,1
920,32.04,1648425600.0,1
921,31.78,1648512000.0,1
922,33.0,1648598400.0,1
923,30.85,1648684800.0,1
924,30.69,1648771200.0,1
925,30.85,1648857600.0,1
926,31.8,1648944000.0,1
927,31.46,1649030400.0,1
928,31.55,1649116800.0,1
929,30.32,1649203200.0,1
930,31.07,1649289600.0,1
931,32.28,1649376000.0,1
932,32.17,1649462400.0,1
933,32.73,1649635200.0,1
934,32.91,1649721600.0,1
935,32.28,1649808000.0,1
936,32.05,1649894400.0,1
937,31.35,1650153600.0,1
938,31.7,1650240000.0,1
939,32.2,1650326400.0,1
940,19.47,1650412800.0,1
941,13.56,1650499200.0,-1
942,25.91,1650585600.0,1
943,24.62,1650672000.0,1
944,27.53,1650758400.0,1
945,31.05,1650931200.0,1
946,29.76,1651017600.0,1
947,25.96,1651104000.0,1
948,25.56,1651190400.0,1
949,28.69,1651276800.0,1
950,25.67,1651363200.0,1
951,27.11,1651449600.0,1
952,30.88,1651622400.0,1
953,31.76,1651708800.0,1
954,27.81,1651795200.0,1
955,31.31,1651968000.0,1
956,29.98,1652054400.0,1
957,28.83,1652227200.0,1
958,26.65,1652400000.0,1
959,33.04,1652486400.0,1
960,32.0,1652572800.0,1
961,34.0,1652659200.0,1
962,33.53,1652745600.0,1
963,29.56,1652832000.0,1
964,35.16,1652918400.0,1
965,35.1,1653091200.0,1
966,33.38,1653609600.0,1
967,29.02,1654732800.0,1
968,33.98,1655942400.0,1
969,30.29,1660348800.0,1
970,25.35,1662163200.0,1
971,30.45,1663027200.0,1
972,32.6,1664668800.0,1
973,30.97,1665100800.0,1
974,35.63,1653177600.0,1
975,35.07,1653264000.0,1
976,32.12,1653350400.0,1
977,30.22,1653436800.0,1
978,31.4,1653523200.0,1
979,33.34,1653696000.0,1
980,30.31,1653782400.0,1
981,30.8,1653955200.0,1
982,29.56,1654041600.0,1
983,29.92,1654128000.0,1
984,30.96,1654214400.0,1
985,29.05,1654300800.0,1
986,30.62,1654387200.0,1
987,30.42,1654473600.0,1
988,27.81,1654560000.0,1
989,29.48,1654646400.0,1
990,31.85,1654819200.0,1
991,32.73,1654905600.0,1
992,33.3,1654992000.0,1
993,31.57,1655078400.0,1
994,33.39,1655164800.0,1
995,33.52,1655251200.0,1
996,33.26,1655337600.0,1
997,30.58,1655424000.0,1
998,32.78,1655510400.0,1
999,36.59,1655596800.0,1
1000,30.29,1655683200.0,1
1001,29.81,1655769600.0,1
1002,29.04,1655856000.0,1
1003,25.04,1656028800.0,1
1004,38.55,1656115200.0,1
1005,36.39,1656201600.0,1
1006,36.39,1656288000.0,1
1007,32.2,1656374400.0,1
1008,26.02,1656460800.0,1
1009,31.01,1656547200.0,1
1010,33.96,1656633600.0,1
1011,30.08,1656720000.0,1
1012,31.83,1656806400.0,1
1013,33.12,1656892800.0,1
1014,34.37,1656979200.0,1
1015,33.05,1657065600.0,1
1016,34.27,1657152000.0,1
1017,31.86,1657238400.0,1
1018,32.46,1657324800.0,1
1019,33.55,1657411200.0,1
1020,33.86,1657497600.0,1
1021,33.58,1657584000.0,1
1022,25.72,1657670400.0,1
1023,31.43,1657756800.0,1
1024,28.11,1657843200.0,1
1025,31.87,1657929600.0,1
1026,31.55,1658016000.0,1
1027,30.93,1658102400.0,1
1028,32.62,1658188800.0,1
1029,23.58,1658275200.0,1
1030,23.58,1658361600.0,1
1031,31.31,1658448000.0,1
1032,10.28,1658534400.0,-1
1033,17.78,1658620800.0,1
1034,32.41,1658707200.0,1
1035,30.21,1658793600.0,1
1036,29.57,1658880000.0,1
1037,29.83,1658966400.0,1
1038,32.23,1659052800.0,1
1039,28.85,1659139200.0,1
1040,29.2,1659225600.0,1
1041,29.46,1659312000.0,1
1042,26.2,1659398400.0,1
1043,30.72,1659484800.0,1
1044,30.72,1659571200.0,1
1045,30.2,1659657600.0,1
1046,30.37,1659744000.0,1
1047,29.83,1659830400.0,1
1048,31.25,1659916800.0,1
1049,29.36,1660003200.0,1
1050,29.49,1660089600.0,1
1051,30.29,1660176000.0,1
1052,29.15,1660262400.0,1
1053,31.47,1660435200.0,1
1054,31.62,1660521600.0,1
1055,29.6,1660608000.0,1
1056,29.55,1660694400.0,1
1057,26.19,1660780800.0,1
1058,33.12,1660867200.0,1
1059,30.3,1660953600.0,1
1060,34.55,1661040000.0,1
1061,28.47,1661126400.0,1
1062,31.45,1661212800.0,1
1063,28.19,1661299200.0,1
1064,25.99,1661385600.0,1
1065,25.44,1661472000.0,1
1066,27.08,1661558400.0,1
1067,19.59,1661817600.0,1
1068,31.72,1661904000.0,1
1069,27.86,1661990400.0,1
1070,28.21,1662076800.0,1
1071,35.23,1662249600.0,1
1072,41.24,1662336000.0,1
1073,33.62,1662422400.0,1
1074,35.11,1662508800.0,1
1075,34.84,1662595200.0,1
1076,29.96,1662681600.0,1
1077,33.21,1662768000.0,1
1078,32.7,1663113600.0,1
1079,30.3,1663200000.0,1
1080,28.9,1663286400.0,1
1081,32.48,1663372800.0,1
1082,31.42,1663459200.0,1
1083,30.63,1663545600.0,1
1084,34.55,1663632000.0,1
1085,33.6,1663718400.0,1
1086,29.6,1663804800.0,1
1087,30.14,1663891200.0,1
1088,31.17,1663977600.0,1
1089,31.08,1664064000.0,1
1090,32.6,1664150400.0,1
1091,32.22,1664236800.0,1
1092,29.03,1664323200.0,1
1093,29.23,1664409600.0,1
1094,29.34,1664496000.0,1
1095,29.99,1664582400.0,1
1096,33.1,1664755200.0,1
1097,32.24,1664841600.0,1
1098,31.22,1664928000.0,1
1099,30.46,1665014400.0,1
1100,27.24,1665878400.0,1
1101,29.29,1667520000.0,1
1102,29.15,1667779200.0,1
1103,27.82,1669161600.0,1
1104,36.47,1670716800.0,1
1105,29.22,1673913600.0,1
1106,25.97,1676160000.0,1
1107,34.73,1676937600.0,1
1108,35.69,1677024000.0,1
1109,32.82,1677715200.0,1
1110,32.66,1678060800.0,1
1111,33.04,1665187200.0,1
1112,32.02,1665273600.0,1
1113,32.77,1665360000.0,1
1114,29.82,1665446400.0,1
1115,24.26,1665532800.0,1
1116,29.56,1665619200.0,1
1117,31.88,1665705600.0,1
1118,29.94,1665792000.0,1
1119,31.24,1665964800.0,1
1120,29.48,1666051200.0,1
1121,30.73,1666137600.0,1
1122,32.34,1666224000.0,1
1123,30.16,1666310400.0,1
1124,29.42,1666396800.0,1
1125,28.75,1666483200.0,1
1126,28.89,1666569600.0,1
1127,31.07,1666656000.0,1
1128,29.32,1666742400.0,1
1129,29.29,1666828800.0,1
1130,29.72,1666915200.0,1
1131,29.39,1667001600.0,1
1132,30.53,1667088000.0,1
1133,30.87,1667174400.0,1
1134,30.56,1667260800.0,1
1135,30.11,1667347200.0,1
1136,29.21,1667433600.0,1
1137,24.6,1667606400.0,1
1138,28.6,1667692800.0,1
1139,28.6,1667865600.0,1
1140,28.98,1667952000.0,1
1141,30.41,1668038400.0,1
1142,30.96,1668124800.0,1
1143,31.25,1668211200.0,1
1144,29.81,1668297600.0,1
1145,28.31,1668384000.0,1
1146,27.22,1668470400.0,1
1147,27.84,1668556800.0,1
1148,23.51,1668643200.0,1
1149,26.76,1668729600.0,1
1150,29.12,1668816000.0,1
1151,28.67,1668902400.0,1
1152,31.69,1668988800.0,1
1153,28.89,1669075200.0,1
1154,28.97,1669248000.0,1
1155,21.84,1669334400.0,1
1156,25.05,1669420800.0,1
1157,26.28,1669507200.0,1
1158,26.25,1669593600.0,1
1159,26.72,1669680000.0,1
1160,28.35,1669766400.0,1
1161,29.05,1669852800.0,1
1162,28.37,1669939200.0,1
1163,28.95,1670025600.0,1
1164,28.77,1670112000.0,1
1165,27.07,1670198400.0,1
1166,27.45,1670284800.0,1
1167,25.01,1670371200.0,1
1168,27.02,1670457600.0,1
1169,29.07,1670544000.0,1
1170,28.23,1670630400.0,1
1171,39.76,1670803200.0,1
1172,34.23,1670889600.0,1
1173,40.57,1670976000.0,1
1174,35.97,1671062400.0,1
1175,31.42,1671148800.0,1
1176,30.22,1671235200.0,1
1177,28.85,1671321600.0,1
1178,25.42,1671408000.0,1
1179,29.78,1671494400.0,1
1180,29.65,1671580800.0,1
1181,32.21,1671667200.0,1
1182,29.58,1671753600.0,1
1183,29.55,1671840000.0,1
1184,29.52,1671926400.0,1
1185,25.2,1672012800.0,1
1186,24.53,1672099200.0,1
1187,25.3,1672185600.0,1
1188,26.01,1672272000.0,1
1189,30.05,1672358400.0,1
1190,15.7,1672444800.0,1
1191,29.68,1672531200.0,1
1192,20.92,1672617600.0,1
1193,44.01,1672704000.0,1
1194,26.26,1672790400.0,1
1195,23.54,1672876800.0,1
1196,23.85,1672963200.0,1
1197,26.28,1673049600.0,1
1198,27.6,1673136000.0,1
1199,27.04,1673222400.0,1
1200,33.61,1673308800.0,1
1201,36.7,1673395200.0,1
1202,34.76,1673481600.0,1
1203,33.54,1673568000.0,1
1204,30.73,1673654400.0,1
1205,30.22,1673740800.0,1
1206,27.54,1673827200.0,1
1207,27.64,1674000000.0,1
1208,24.6,1674086400.0,1
1209,26.95,1674172800.0,1
1210,32.58,1674259200.0,1
1211,24.46,1674777600.0,1
1212,27.08,1674864000.0,1
1213,30.47,1674950400.0,1
1214,28.64,1675036800.0,1
1215,31.44,1675123200.0,1
1216,25.24,1675814400.0,1
1217,31.4,1675900800.0,1
1218,25.71,1675987200.0,1
1219,24.62,1676073600.0,1
1220,24.36,1676246400.0,1
1221,24.48,1676332800.0,1
1222,26.38,1676419200.0,1
1223,30.9,1676505600.0,1
1224,29.94,1676592000.0,1
1225,36.09,1676678400.0,1
1226,37.25,1676764800.0,1
1227,37.28,1676851200.0,1
1228,37.77,1677110400.0,1
1229,39.44,1677196800.0,1
1230,37.29,1677283200.0,1
1231,35.81,1677369600.0,1
1232,36.0,1677456000.0,1
1233,35.87,1677542400.0,1
1234,34.36,1677628800.0,1
1235,21.84,1677801600.0,1
1236,0.48,1677974400.0,-1
1237,41.88,1684108800.0,1
1238,34.84,1689120000.0,1
1239,32.37,1689292800.0,1
1240,30.39,1690416000.0,1
1241,58.88,1678147200.0,1
1242,0.05,1678665600.0,-1
1243,0.32,1678924800.0,-1
1244,1.84,1679011200.0,-1
1245,0.03,1679097600.0,-1
1246,0.56,1679184000.0,-1
1247,0.07,1679270400.0,-1
1248,78.41,1679443200.0,-1
1249,155.82,1679529600.0,-1
1250,106.02,1679616000.0,-1
1251,80.09,1679702400.0,-1
1252,71.97,1679788800.0,1
1253,66.12,1679875200.0,1
1254,67.02,1679961600.0,1
1255,61.3,1680048000.0,1
1256,57.01,1680134400.0,1
1257,61.39,1680220800.0,1
1258,56.81,1680307200.0,1
1259,50.51,1680393600.0,1
1260,51.18,1680480000.0,1
1261,49.49,1680566400.0,1
1262,53.35,1680652800.0,1
1263,50.68,1680739200.0,1
1264,53.81,1680825600.0,1
1265,50.71,1680912000.0,1
1266,46.85,1680998400.0,1
1267,46.03,1681084800.0,1
1268,47.17,1681171200.0,1
1269,45.34,1681257600.0,1
1270,47.0,1681344000.0,1
1271,45.18,1681430400.0,1
1272,45.29,1681516800.0,1
1273,46.92,1681603200.0,1
1274,46.09,1681689600.0,1
1275,44.84,1681776000.0,1
1276,44.1,1681862400.0,1
1277,54.5,1681948800.0,1
1278,55.68,1682035200.0,1
1279,54.06,1682121600.0,1
1280,50.54,1682208000.0,1
1281,51.61,1682294400.0,1
1282,49.62,1682380800.0,1
1283,36.24,1682467200.0,1
1284,38.53,1682553600.0,1
1285,21.14,1682640000.0,1
1286,38.06,1682726400.0,1
1287,45.64,1682812800.0,1
1288,21.99,1682899200.0,1
1289,22.49,1682985600.0,1
1290,31.93,1683072000.0,1
1291,41.37,1683158400.0,1
1292,45.69,1683244800.0,1
1293,41.45,1683331200.0,1
1294,38.95,1683417600.0,1
1295,41.65,1683504000.0,1
1296,44.91,1683590400.0,1
1297,40.59,1683676800.0,1
1298,41.26,1683763200.0,1
1299,42.7,1683849600.0,1
1300,39.91,1683936000.0,1
1301,44.53,1684022400.0,1
1302,42.14,1684195200.0,1
1303,41.64,1684281600.0,1
1304,42.03,1684368000.0,1
1305,40.77,1684454400.0,1
1306,44.17,1684540800.0,1
1307,42.26,1684627200.0,1
1308,35.16,1684713600.0,1
1309,39.83,1684800000.0,1
1310,40.67,1684886400.0,1
1311,40.82,1684972800.0,1
1312,15.61,1685059200.0,-1
1313,41.38,1685145600.0,1
1314,38.88,1685232000.0,1
1315,41.94,1685318400.0,1
1316,38.69,1685404800.0,1
1317,39.45,1685491200.0,1
1318,40.72,1685577600.0,1
1319,40.09,1685664000.0,1
1320,36.84,1685750400.0,1
1321,39.49,1685836800.0,1
1322,37.65,1685923200.0,1
1323,30.11,1686009600.0,1
1324,41.85,1686096000.0,1
1325,37.99,1686182400.0,1
1326,38.86,1686268800.0,1
1327,44.54,1686355200.0,1
1328,38.68,1686441600.0,1
1329,37.84,1686528000.0,1
1330,40.37,1686614400.0,1
1331,38.99,1686700800.0,1
1332,40.21,1686787200.0,1
1333,38.61,1686873600.0,1
1334,40.86,1686960000.0,1
1335,41.3,1687046400.0,1
1336,44.36,1687392000.0,1
1337,44.85,1687478400.0,1
1338,38.88,1687564800.0,1
1339,39.31,1687651200.0,1
1340,40.4,1687737600.0,1
1341,39.95,1687824000.0,1
1342,29.18,1687910400.0,1
1343,41.66,1687996800.0,1
1344,39.33,1688083200.0,1
1345,37.13,1688169600.0,1
1346,38.33,1688256000.0,1
1347,37.61,1688342400.0,1
1348,37.61,1688428800.0,1
1349,38.25,1688515200.0,1
1350,28.17,1688601600.0,1
1351,36.88,1688688000.0,1
1352,29.72,1688774400.0,1
1353,38.65,1688860800.0,1
1354,30.3,1688947200.0,1
1355,39.26,1689033600.0,1
1356,34.91,1689206400.0,1
1357,36.39,1689379200.0,1
1358,32.63,1689465600.0,1
1359,34.0,1689724800.0,1
1360,33.57,1689811200.0,1
1361,33.33,1689897600.0,1
1362,28.34,1689984000.0,1
1363,29.22,1690070400.0,1
1364,33.63,1690156800.0,1
1365,29.94,1690243200.0,1
1366,26.44,1690329600.0,1
1367,41.66,1693872000.0,1
1368,38.53,1694044800.0,1
1369,32.28,1694131200.0,1
1370,33.16,1694217600.0,1
1371,40.91,1694390400.0,1
1372,33.74,1694476800.0,1
1373,39.41,1694563200.0,1
1374,36.13,1694649600.0,1
1375,27.19,1694736000.0,1
1376,31.33,1694822400.0,1
1377,34.79,1694908800.0,1
1378,28.81,1694995200.0,1
1379,32.98,1695168000.0,1
1380,28.41,1695254400.0,1
1381,29.47,1695340800.0,1
1382,31.42,1695513600.0,1
1383,29.95,1695600000.0,1
1384,29.18,1695686400.0,1
1385,19.72,1696032000.0,-1
1386,18.79,1696118400.0,-1
1387,24.21,1696204800.0,1
1388,19.69,1696377600.0,-1
1389,27.42,1695945600.0,1
1390,30.52,1690502400.0,1
1391,31.73,1690588800.0,1
1392,30.31,1690675200.0,1
1393,29.51,1690761600.0,1
1394,25.34,1690848000.0,1
1395,23.59,1690934400.0,1
1396,27.23,1691020800.0,1
1397,30.87,1691107200.0,1
1398,25.95,1691193600.0,1
1399,29.27,1691280000.0,1
1400,31.27,1691366400.0,1
1401,23.63,1691452800.0,1
1402,26.77,1691539200.0,1
1403,34.56,1691625600.0,1
1404,33.33,1691712000.0,1
1405,27.88,1691971200.0,1
1406,34.87,1692057600.0,1
1407,27.45,1692144000.0,1
1408,29.45,1692230400.0,1
1409,29.81,1692316800.0,1
1410,38.33,1692403200.0,1
1411,41.05,1692489600.0,1
1412,37.98,1692576000.0,1
1413,30.8,1692662400.0,1
1414,40.02,1692748800.0,1
1415,36.39,1692835200.0,1
1416,28.12,1692921600.0,1
1417,39.72,1693008000.0,1
1418,41.75,1693094400.0,1
1419,42.82,1693180800.0,1
1420,42.68,1693267200.0,1
1421,36.31,1693353600.0,1
1422,41.13,1693440000.0,1
1423,34.01,1693526400.0,1
1424,35.32,1693612800.0,1
1425,33.18,1693699200.0,1
1426,35.18,1693785600.0,1
1427,31.89,1693958400.0,1
1428,33.91,1694304000.0,1
1429,20.26,1696291200.0,-1
1430,33.19,1695081600.0,1
1431,33.52,1695427200.0,1
1432,32.52,1695772800.0,1
1433,27.4,1695859200.0,1
